{"length": [29.32, 4350.0], "percentage_none": [1.0], "num_none": [1.0], "num_unique_elements": [33.18709677419355, 293.0], "unique_percent": [0.5887225893235976, 2.0], "list_entropy": [6.124133777618408], "mean_value_length": [24.60000038146973], "median_value_length": [24.5], "min_value_length": [20.0], "max_value_length": [40.0], "std_value_length": [8.614892768859862], "percentage_of_mode": [2.0], "mean": [0.19169357286826258, 4.191202395962129, 31.850277947456604, 281.8860048355595, 8262.562250976542, 26053.242773437632], "normalized_mean": [0.12335866319556389, 0.40559448752191757, 0.5259337732099718, 0.6351002664527585, 0.7784608491774528, 0.9896777660615983, 2.0], "median": [0.11030144243110573, 5.251452979118592, 30.791238223660386, 273.1241935483871, 10816.114516129033, 17753.6826171875], "normalized_median": [0.0006439799570568626, 0.34516593635082243, 0.5100700477919271, 0.6504355974735753, 0.8352578886189768, 0.9933362595496638, 2.0], "var": [2.5077526515815407e-05, 1.6052005600929224, 32.22537642817343, 802.6463076486889, 8941665.196451588, 110410814.59999862], "std": [0.00501265075057745, 1.265435202025598, 5.671287387417208, 28.3294898925289, 3000.4648240612346, 10530.733789062513], "coeff_var": [0.0032526775221941207, 0.6636052427753325, 1.7603407242221216, 5.826227477519748, 326.19710867604397, 8927.435058593765], "min": [0.2605670641891413, 1.817272958832402, 9.322483742621632, 69.52466286197784, 2234.3465037487395, 3181.3600585937543], "max": [1.369510426136755, 5.469374160151328, 19.999878525272493, 56.596889114379884, 639.0702552057083, 26214.49350302417, 74999.69999999997], "range": [0.0010489814216271044, 1.884129064832964, 6.755743844124582, 34.0001273493613, 164.9013685854019, 27356.06338867178, 43421.0], "normalized_range": [0.02345926997161681, 0.46508866788879516, 1.0605909924353323, 1.784245115326297, 2.6604745115772372, 21.228070812840617, 28.202717590331982], "entropy": [0.22412365078926086, 1.3727904235932133, 2.299301989847614, 3.066440336473527, 4.227416124036235, 7.226597045621564, 8.682643008232112], "gini": [0.003950542184494191, 0.09158154010772705, 0.17946683315019454, 0.2661612808704376, 0.381471216414244, 0.5444116135758735, 1.7769320607185364], "q25": [0.0038326209279588397, 0.993269883817242, 2.486012015035075, 17.989219874720412, 2000.9977107878653, 3760.39501953125], "q75": [0.007131026095875928, 1.65858569099057, 18.23213297659351, 2009.0132802261844, 4188.793847656234], "med_abs_dev": [2.42659167633974e-05, 0.7801671246847796, 2.1782844193520083, 13.450038244185908, 2452.4554838709664, 3574.3924560546875], "avg_abs_dev": [0.0016913167480379343, 0.8992536992026909, 4.595696832287696, 21.805817592374737, 2579.8562310987904, 7894.22177734375], "quant_coeff_disp": [8.880032987873733e-07, 0.0017868509422987698, 0.019905503821228774, 0.34838628983305325, 1.5], "skewness": [-0.393793818426709, -0.008621457328779593, 0.0014703517027139198, 0.6223711049364465, 3.101168877463187, 4.461349153518679], "kurtosis": [-1.484341488230613, -1.1909797564629585, -0.8387569783387646, -0.17026565258541418, 1.5766148755627292, 12.258251583653111, 19.761921501159687], "moment_5": [-1201.2660502772187, -5.1192298600893e-08, 0.35549705584202634, 6066.188035534273, 602660358950995.5, 3.6106410513976525e+17], "moment_6": [3.7047958857628857e-13, 24.470863465339907, 2608316.9706451613, 44125102529.89933, 1.3190857928921512e+20, 1.3259542653576438e+23], "moment_7": [-8080.4938661637225, -1.1803249820933024e-29, 0.03544333368539812, 35631.60671685986, 2.999497186065748e+19, 4.218827565372642e+22], "moment_8": [6.96370545438728e-17, 105.55832996983654, 7902707318.585811, 313954491464076.7, 2.5877225658845137e+24, 3.379487092891821e+27], "moment_9": [-1401645.8064516135, -8.465492734351432e-15, 0.8167481387046068, 15399884.174838709, 7.28152499793781e+17, 4.779361872261178e+25], "moment_10": [9.571977461719663e-21, 0.0940079336397108, 2059.777588441911, 26054988855.494198, 2553332197612499.5, 5.3882306893310606e+26, 3.1889262309755416e+29], "percent_outliers_15iqr": [0.7048739443479046, 0.9085796858033826, 0.9596259197881145, 0.9843483797965511, 1.9849246144294739], "percent_outliers_3iqr": [0.3299883709799859, 0.7134887467661212, 0.8054596785576112, 0.9000023295802455, 0.9631309172030419, 0.9775492457612869, 1.9800000190734863], "percent_outliers_1_99": [0.08696898928573055, 0.9165140006619115, 0.990797292186368, 2.0], "percent_outliers_3std": [0.029580399275066387, 1.0322580635547638], "normality_statistic": [2.4420980342741934, 11.224123300121676, 40.29032087326056, 278.8104670961443, 2755.4830602633538, 6167.3212890625], "normality_p": [1.414449563859021e-12, 0.0004431203660562694, 0.1121822724130846, 0.590958889088323, 1.666847586631775], "field_name_length": [5.044516129032258, 39.0], "num_uppercase_characters": [0.0, 6.0], "number_of_words_in_name": [1.0, 8.0], "sortedness": [0.08363238902341935, 0.4199840410918959, 0.7945867153906053, 2.0], "lin_space_sequence_coeff": [0.18473562403071309, 0.683453381061554, 1.0657484795201209, 1.6128226203303184, 3.0317178572377843, 12.837174805364283, 19.220406055450443], "log_space_sequence_coeff": [0.004471472915141813, 0.03045050866541362, 0.10070002636121164, 0.19951813624751183, 0.528290071314381, 1.5822714805603022]}